{
  "1": {
    "county": "Anderson",
    "seat": "Palestine",
    "official_address": {
      "name": "Anderson County Courthouse",
      "address": "500 N Church St, Palestine, TX 75801",
      "phone": "(903) 723-7406",
      "website": "https://www.co.anderson.tx.us",
      "mailing_address": "500 N Church St, Palestine, TX 75801"
    },
    "title_companies": [
      {
        "name": "Palestine Title Company",
        "address": "113 E Crawford St, Palestine, TX 75801",
        "phone": "(903) 723-3033"
      }
    ]
  },
  "2": {
    "county": "Andrews",
    "seat": "Andrews",
    "official_address": {
      "name": "Andrews County Courthouse",
      "address": "201 N Main St, Andrews, TX 79714",
      "phone": "(432) 524-1410",
      "website": "https://www.co.andrews.tx.us",
      "mailing_address": "201 N Main St, Andrews, TX 79714"
    },
    "title_companies": [
      {
        "name": "Andrews County Title, Inc.",
        "address": "120 NW Ave A, Andrews, TX 79714",
        "phone": "(432) 523-2281"
      }
    ]
  },
  "3": {
    "county": "Angelina",
    "seat": "Lufkin",
    "official_address": {
      "name": "Angelina County Courthouse",
      "address": "215 E Lufkin Ave, Lufkin, TX 75901",
      "phone": "(936) 634-8339",
      "website": "https://www.angelinacounty.net",
      "mailing_address": "215 E Lufkin Ave, Lufkin, TX 75901"
    },
    "title_companies": [
      {
        "name": "Angelina County Title Co.",
        "address": "104 S 1st St, Lufkin, TX 75901",
        "phone": "(936) 634-3351"
      }
    ]
  },
  "4": {
    "county": "Aransas",
    "seat": "Rockport",
    "official_address": {
      "name": "Aransas County Courthouse",
      "address": "2840 TX-35 N, Rockport, TX 78382",
      "phone": "(361) 790-0100",
      "website": "https://www.aransascounty.org",
      "mailing_address": "2840 TX-35 N, Rockport, TX 78382"
    },
    "title_companies": [
      {
        "name": "Aransas Title Company",
        "address": "801 E Concho St, Rockport, TX 78382",
        "phone": "(361) 729-5622"
      }
    ]
  },
  "5": {
    "county": "Archer",
    "seat": "Archer City",
    "official_address": {
      "name": "Archer County Courthouse",
      "address": "100 S Center St, Archer City, TX 76351",
      "phone": "(940) 574-4302",
      "website": "https://www.co.archer.tx.us",
      "mailing_address": "100 S Center St, Archer City, TX 76351"
    },
    "title_companies": [
      {
        "name": "Archer County Abstract Company",
        "address": "116 N Center St, Archer City, TX 76351",
        "phone": "(940) 574-4921"
      }
    ]
  },
  "6": {
    "county": "Armstrong",
    "seat": "Claude",
    "official_address": {
      "name": "Armstrong County Courthouse",
      "address": "100 Trice St, Claude, TX 79019",
      "phone": "(806) 226-3221",
      "website": "https://www.co.armstrong.tx.us",
      "mailing_address": "100 Trice St, Claude, TX 79019"
    },
    "title_companies": [
      {
        "name": "Claude Abstract & Title Company",
        "address": "113 Trice St, Claude, TX 79019",
        "phone": "(806) 226-3204"
      }
    ]
  },
  "7": {
    "county": "Atascosa",
    "seat": "Jourdanton",
    "official_address": {
      "name": "Atascosa County Courthouse",
      "address": "1 Courthouse Circle Dr, Jourdanton, TX 78026",
      "phone": "(830) 769-1020",
      "website": "https://www.atascosacounty.texas.gov",
      "mailing_address": "1 Courthouse Circle Dr, Jourdanton, TX 78026"
    },
    "title_companies": [
      {
        "name": "Atascosa County Abstract & Title Co.",
        "address": "1405 Campbell Ave, Jourdanton, TX 78026",
        "phone": "(830) 769-3496"
      }
    ]
  },
  "8": {
    "county": "Austin",
    "seat": "Bellville",
    "official_address": {
      "name": "Austin County Courthouse",
      "address": "1 E Main St, Bellville, TX 77418",
      "phone": "(979) 865-5911",
      "website": "https://www.austincounty.com",
      "mailing_address": "1 E Main St, Bellville, TX 77418"
    },
    "title_companies": [
      {
        "name": "Austin County Abstract & Title Co.",
        "address": "26 E Main St, Bellville, TX 77418",
        "phone": "(979) 865-2222"
      }
    ]
  },
  "9": {
    "county": "Bailey",
    "seat": "Muleshoe",
    "official_address": {
      "name": "Bailey County Courthouse",
      "address": "300 S 1st St, Muleshoe, TX 79347",
      "phone": "(806) 272-3044",
      "website": "https://www.co.bailey.tx.us",
      "mailing_address": "300 S 1st St, Muleshoe, TX 79347"
    },
    "title_companies": [
      {
        "name": "Bailey County Abstract & Title Co.",
        "address": "200 W American Blvd, Muleshoe, TX 79347",
        "phone": "(806) 272-4578"
      }
    ]
  },
  "10": {
    "county": "Bandera",
    "seat": "Bandera",
    "official_address": {
      "name": "Bandera County Courthouse",
      "address": "500 Main St, Bandera, TX 78003",
      "phone": "(830) 796-4507",
      "website": "https://www.banderacounty.org",
      "mailing_address": "500 Main St, Bandera, TX 78003"
    },
    "title_companies": [
      {
        "name": "Bandera County Title & Abstract Company",
        "address": "207 Main St, Bandera, TX 78003",
        "phone": "(830) 796-3766"
      }
      {
  "1": {
    "county": "Anderson",
    "seat": "Palestine",
    "official_address": {
      "name": "Anderson County Courthouse",
      "address": "500 N Church St, Palestine, TX 75801",
      "phone": "(903) 723-7406",
      "website": "https://www.co.anderson.tx.us",
      "mailing_address": "500 N Church St, Palestine, TX 75801"
    },
    "title_companies": [
      {
        "name": "Palestine Title Company",
        "address": "113 E Crawford St, Palestine, TX 75801",
        "phone": "(903) 723-3033"
      }
    ]
  },
  "2": {
    "county": "Andrews",
    "seat": "Andrews",
    "official_address": {
      "name": "Andrews County Courthouse",
      "address": "201 N Main St, Andrews, TX 79714",
      "phone": "(432) 524-1410",
      "website": "https://www.co.andrews.tx.us",
      "mailing_address": "201 N Main St, Andrews, TX 79714"
    },
    "title_companies": [
      {
        "name": "Andrews County Title, Inc.",
        "address": "120 NW Ave A, Andrews, TX 79714",
        "phone": "(432) 523-2281"
      }
    ]
  },
  "3": {
    "county": "Angelina",
    "seat": "Lufkin",
    "official_address": {
      "name": "Angelina County Courthouse",
      "address": "215 E Lufkin Ave, Lufkin, TX 75901",
      "phone": "(936) 634-8339",
      "website": "https://www.angelinacounty.net",
      "mailing_address": "215 E Lufkin Ave, Lufkin, TX 75901"
    },
    "title_companies": [
      {
        "name": "Angelina County Title Co.",
        "address": "104 S 1st St, Lufkin, TX 75901",
        "phone": "(936) 634-3351"
      }
    ]
  },
  "4": {
    "county": "Aransas",
    "seat": "Rockport",
    "official_address": {
      "name": "Aransas County Courthouse",
      "address": "2840 TX-35 N, Rockport, TX 78382",
      "phone": "(361) 790-0100",
      "website": "https://www.aransascounty.org",
      "mailing_address": "2840 TX-35 N, Rockport, TX 78382"
    },
    "title_companies": [
      {
        "name": "Aransas Title Company",
        "address": "801 E Concho St, Rockport, TX 78382",
        "phone": "(361) 729-5622"
      }
    ]
  },
  "5": {
    "county": "Archer",
    "seat": "Archer City",
    "official_address": {
      "name": "Archer County Courthouse",
      "address": "100 S Center St, Archer City, TX 76351",
      "phone": "(940) 574-4302",
      "website": "https://www.co.archer.tx.us",
      "mailing_address": "100 S Center St, Archer City, TX 76351"
    },
    "title_companies": [
      {
        "name": "Archer County Abstract Company",
        "address": "116 N Center St, Archer City, TX 76351",
        "phone": "(940) 574-4921"
      }
    ]
  },
  "6": {
    "county": "Armstrong",
    "seat": "Claude",
    "official_address": {
      "name": "Armstrong County Courthouse",
      "address": "100 Trice St, Claude, TX 79019",
      "phone": "(806) 226-3221",
      "website": "https://www.co.armstrong.tx.us",
      "mailing_address": "100 Trice St, Claude, TX 79019"
    },
    "title_companies": [
      {
        "name": "Claude Abstract & Title Company",
        "address": "113 Trice St, Claude, TX 79019",
        "phone": "(806) 226-3204"
      }
    ]
  },
  "7": {
    "county": "Atascosa",
    "seat": "Jourdanton",
    "official_address": {
      "name": "Atascosa County Courthouse",
      "address": "1 Courthouse Circle Dr, Jourdanton, TX 78026",
      "phone": "(830) 769-1020",
      "website": "https://www.atascosacounty.texas.gov",
      "mailing_address": "1 Courthouse Circle Dr, Jourdanton, TX 78026"
    },
    "title_companies": [
      {
        "name": "Atascosa County Abstract & Title Co.",
        "address": "1405 Campbell Ave, Jourdanton, TX 78026",
        "phone": "(830) 769-3496"
      }
    ]
  },
  "8": {
    "county": "Austin",
    "seat": "Bellville",
    "official_address": {
      "name": "Austin County Courthouse",
      "address": "1 E Main St, Bellville, TX 77418",
      "phone": "(979) 865-5911",
      "website": "https://www.austincounty.com",
      "mailing_address": "1 E Main St, Bellville, TX 77418"
    },
    "title_companies": [
      {
        "name": "Austin County Abstract & Title Co.",
        "address": "26 E Main St, Bellville, TX 77418",
        "phone": "(979) 865-2222"
      }
    ]
  },
  "9": {
    "county": "Bailey",
    "seat": "Muleshoe",
    "official_address": {
      "name": "Bailey County Courthouse",
      "address": "300 S 1st St, Muleshoe, TX 79347",
      "phone": "(806) 272-3044",
      "website": "https://www.co.bailey.tx.us",
      "mailing_address": "300 S 1st St, Muleshoe, TX 79347"
    },
    "title_companies": [
      {
        "name": "Bailey County Abstract & Title Co.",
        "address": "200 W American Blvd, Muleshoe, TX 79347",
        "phone": "(806) 272-4578"
      }
    ]
  },
  "10": {
    "county": "Bandera",
    "seat": "Bandera",
    "official_address": {
      "name": "Bandera County Courthouse",
      "address": "500 Main St, Bandera, TX 78003",
      "phone": "(830) 796-4507",
      "website": "https://www.banderacounty.org",
      "mailing_address": "500 Main St, Bandera, TX 78003"
    },
    "title_companies": [
      {
        "name": "Bandera County Title & Abstract Company",
        "address": "207 Main St, Bandera, TX 78003",
        "phone": "(830) 796-3766"
      }
    ]
  },
  "11": {
    "county": "Bastrop",
    "seat": "Bastrop",
    "official_address": {
      "name": "Bastrop County Courthouse",
      "address": "804 Pecan St, Bastrop, TX 78602",
      "phone": "(512) 581-4037",
      "website": "https://www.co.bastrop.tx.us",
      "mailing_address": "804 Pecan St, Bastrop, TX 78602"
    },
    "title_companies": [
      {
        "name": "Independence Title – Bastrop",
        "address": "301 Hwy 71, Ste 106, Bastrop, TX 78602",
        "phone": "(512) 303-2567"
      },
      {
        "name": "Bastrop Title Co. (Powered by Patten Title)",
        "address": "Bastrop, TX (local office)",
        "phone": ""
      }
    ]
  },
  "12": {
    "county": "Baylor",
    "seat": "Seymour",
    "official_address": {
      "name": "Baylor County Courthouse",
      "address": "109 N Washington, Seymour, TX 76380",
      "phone": "(940) 889-3553",
      "website": "https://www.co.baylor.tx.us",
      "mailing_address": "109 N Washington, Seymour, TX 76380"
    },
    "title_companies": [
      {
        "name": "Baylor Abstract & Title PLLC",
        "address": "213 E McLain, Seymour, TX 76380",
        "phone": "(940) 888-3829"
      }
    ]
  },
  "13": {
    "county": "Bee",
    "seat": "Beeville",
    "official_address": {
      "name": "Bee County Courthouse",
      "address": "105 W Corpus Christi St, Beeville, TX 78102",
      "phone": "(361) 631-1550",
      "website": "https://www.beecounty.gov",
      "mailing_address": "105 W Corpus Christi St, Beeville, TX 78102"
    },
    "title_companies": [
      {
        "name": "Southwest Land Title",
        "address": "211 N Washington St, Beeville, TX 78102",
        "phone": "(361) 358-3378"
      },
      {
        "name": "San Jacinto Title Services of Texas",
        "address": "106 E Hefferman, Beeville, TX 78102",
        "phone": "(361) 241-0693"
      }
    ]
  },
  "14": {
    "county": "Bell",
    "seat": "Belton",
    "official_address": {
      "name": "Bell County Justice Complex / Courthouse",
      "address": "1201 Huey Rd, Belton, TX 76513",
      "phone": "(254) 933-5197",
      "website": "https://www.bellcountytx.com",
      "mailing_address": "P.O. Box 909, Belton, TX 76513"
    },
    "title_companies": [
      {
        "name": "Monteith Abstract & Title Co. – Corporate",
        "address": "106 S East St, Belton, TX 76513",
        "phone": "(254) 939-5791"
      },
      {
        "name": "First Community Title – Belton",
        "address": "127 Lake Rd, Ste 101, Belton, TX 76513",
        "phone": "(254) 613-5982"
      }
    ]
  },
  "15": {
    "county": "Bexar",
    "seat": "San Antonio",
    "official_address": {
      "name": "Bexar County Courthouse",
      "address": "100 Dolorosa, San Antonio, TX 78205",
      "phone": "(210) 335-2011",
      "website": "https://www.bexar.org",
      "mailing_address": "100 Dolorosa, San Antonio, TX 78205"
    },
    "title_companies": [
      {
        "name": "Alamo Title Company – San Antonio",
        "address": "San Antonio, TX (multiple offices)",
        "phone": ""
      }
    ]
  },
  "16": {
    "county": "Blanco",
    "seat": "Johnson City",
    "official_address": {
      "name": "Blanco County Courthouse",
      "address": "101 E Pecan, Johnson City, TX 78636",
      "phone": "(830) 868-7357",
      "website": "https://www.co.blanco.tx.us",
      "mailing_address": "P.O. Box 382, Johnson City, TX 78636"
    },
    "title_companies": [
      {
        "name": "Hill Country Titles – Johnson City",
        "address": "205 Nugent St, Johnson City, TX 78636",
        "phone": "(830) 997-4315"
      },
      {
        "name": "Moursund Land Titles",
        "address": "206 N Ave G, Johnson City, TX 78636",
        "phone": "(830) 868-7191"
      }
    ]
  },
  "17": {
    "county": "Borden",
    "seat": "Gail",
    "official_address": {
      "name": "Borden County Courthouse",
      "address": "117 E Wasson, Gail, TX 79738",
      "phone": "(806) 756-4391",
      "website": "https://www.co.borden.tx.us",
      "mailing_address": "117 E Wasson, Gail, TX 79738"
    },
    "title_companies": [
      {
        "name": "Reagan County Abstract & Title Company (serves Borden Co.)",
        "address": "111 N Main Ave, Big Lake, TX 76932",
        "phone": "(325) 884-2695"
      }
    ]
  },
  "18": {
    "county": "Bosque",
    "seat": "Meridian",
    "official_address": {
      "name": "Bosque County Courthouse",
      "address": "110 S Main St, Meridian, TX 76665",
      "phone": "(254) 435-2201",
      "website": "https://www.bosquecounty.us",
      "mailing_address": "Bosque County Courthouse, 110 S Main St, Meridian, TX 76665"
    },
    "title_companies": [
      {
        "name": "Bosque Cen-Tex Title, Inc.",
        "address": "202 W Morgan St, Meridian, TX 76665",
        "phone": "(254) 435-2722"
      }
    ]
  },
  "19": {
    "county": "Bowie",
    "seat": "Boston",
    "official_address": {
      "name": "Bowie County Courthouse",
      "address": "710 James Bowie Dr, New Boston, TX 75570",
      "phone": "(903) 628-6700",
      "website": "https://www.co.bowie.tx.us",
      "mailing_address": "710 James Bowie Dr, New Boston, TX 75570"
    },
    "title_companies": [
      {
        "name": "Capital Title – New Boston",
        "address": "312 N Center St, New Boston, TX 75570",
        "phone": "(903) 716-5959"
      }
    ]
  },
  "20": {
    "county": "Brazoria",
    "seat": "Angleton",
    "official_address": {
      "name": "Brazoria County Courthouse",
      "address": "111 E Locust St, Angleton, TX 77515",
      "phone": "(979) 849-5711",
      "website": "https://www.brazoriacountytx.gov",
      "mailing_address": "111 E Locust St, Angleton, TX 77515"
    },
    "title_companies": [
      {
        "name": "Alamo Title – Angleton (Jarrod D. Smith, Fee Attorney)",
        "address": "2513 N Velasco St, Ste C, Angleton, TX 77515",
        "phone": "(979) 849-8261"
      }
    ]
  }
}
    ]
  }
}
